Year,Python,R,SQL
2018,0.4767932489451477,0.7426160337552743,0.3080168776371308
2019,0.38509316770186336,0.5248447204968945,0.2453416149068323
2020,0.5206896551724138,0.7482758620689656,0.2689655172413793
2021,0.5942492012779552,0.6389776357827476,0.28115015974440893
2022,0.624,0.536,0.376
