Year,Python,R,SQL
2018,0.7499587390658524,0.41227925400231064,0.49017989767288334
2019,0.7242653528066162,0.33908147105402076,0.4789723737462608
2020,0.8767437416395949,0.29791706478119623,0.4999044525128989
2021,0.8872707659115426,0.27009169363538293,0.5227885652642934
2022,0.9372731985484707,0.2747537584240539,0.5909797822706065
