Year,Python,R,SQL
2018,0.7396759847522236,0.4247141041931385,0.4833227445997459
2019,0.7060782681099084,0.3490424646128226,0.46644462947543713
2020,0.8580481622306717,0.32156436719174364,0.48777838131450296
2021,0.8754043213869841,0.2850304049683012,0.5130029758054082
2022,0.9182083739045764,0.29065238558909445,0.5778967867575463
